Time (s),Amplitude
0.3496483999915654,9605
2.1414951000042493,9618
3.1174692000058712,9589
9.037147499999264,9584
9.997287499994854,9589
10.973243600004935,9589
12.74904080000124,15733
13.708983499993337,15754
14.669027399999322,15733
16.460934899994754,15734
17.420891799993115,15728
18.396814099993207,15737
19.356904899992514,15743
20.33279990000301,15732
21.292814700005692,15732
22.252800699992804,9594
24.044708200002788,9582
25.02058460000262,9599
30.940186499996344,9601
31.900195199996233,9601
32.876170799994725,9590
34.65202039999713,15751
37.27587660000427,16193
38.2361377000052,16198
39.195957699994324,16198
40.1718045000016,16188
41.131773799992516,16194
42.92363740000292,10043
43.89970199999516,10056
48.98726880000322,10058
49.96334000000206,10052
50.92319459999271,16193
53.53124349999416,16197
53.947114099995815,27432
54.635010900005,10048
56.44296010000107,10053
59.06684780000069,10079
60.02672579999489,10063
60.986793399992166,16195
63.59465009999985,16195
64.55468739999924,10064
65.53066869999748,10052
70.61827120000089,10048
71.59429870000167,10038
72.57023949999711,16182
73.51419349999924,16192
74.47418740000285,16217
75.45014179999998,10038
76.40999529999681,10046
83.5777659000014,54556
85.92968359999941,19366
86.88965189999726,13217
89.51354400000127,13212
90.48951620000298,19362
91.46545829999377,13218
92.44128499999351,13212
93.40141710000171,13220
94.37732739999774,19352
95.33726729999762,19364
96.31542299999273,13214
97.27336189999187,13199
98.2493875999935,19352
99.22564180000336,13215
101.01710149999417,13205
104.45710800000234,13200
105.43288609999581,13194
107.22482770000352,13207
108.18475309999485,13213
108.72892359999241,50481
109.41655819999869,13219
110.39280630000576,13214
111.35251399999834,13208
112.3126021999924,13214
113.2885443999985,13209
114.26449739999953,13209
115.22435849999601,13206
116.20036449999316,13206
117.16066759999376,13207
118.12019899999723,13212
119.09629329999734,13207
120.05636349999986,13231
121.84838460000174,13207
122.82409480000206,13210
123.78417949999857,13210
124.75999560000491,13217
125.72032520000357,13217
126.6958059000026,13205
127.65596629999345,13211
128.61579470000288,13217
129.59182980000332,13205
130.42366570000013,56212
130.83978149999166,13206
131.79958530000295,13212
132.7756698000012,13206
133.75166300000274,13207
140.4873013000033,13230
141.4632130999962,13224
143.25525309999648,19349
144.2311192000052,13206
148.75897500000428,1657
149.4469104000018,13216
150.42280220000248,19360
151.38288580000517,13205
151.78281940000306,4446
152.47084530000575,13198
153.44672959999298,19348
154.4226345999923,13217
155.3825416000036,13211
159.65431060000265,13209
161.2222824999917,47819
161.6381543000025,13203
162.59822149999673,13222
163.55823379999492,13204
164.53419940000458,13210
165.49421609999263,13204
166.47015959999408,13263
167.41410769999493,13199
168.3899645000056,13207
170.18191240000306,13214
171.14181149999786,13209
172.1179226999957,13202
173.09385309999925,13203
174.05378879999625,13204
175.02970830000413,13203
175.98977469999227,13204
176.9496622000006,13204
177.71758569999656,57503
178.13370439999562,13204
179.0936015000043,13205
180.05358789999445,13211
181.02945839999302,13201
182.00532609999937,13202
182.96529399999417,13202
183.92527069999778,13203
184.9010927000054,13203
185.86102680000477,13204
186.83712110000488,13204
187.79695259999426,13204
188.7730245999992,13204
189.73286449999432,13204
190.69281870000123,13205
191.66887049999787,13205
192.14868319999368,63260
192.8367220999935,13206
193.30068729999766,50599
193.98875530000078,13206
194.96458990000247,13206
195.92460800000117,13200
196.88460789999226,13207
197.8605988999916,13207
198.8204601000034,13204
199.79636340000434,13204
200.75642839999637,13204
201.73243580000417,13199
202.69223410000268,13205
203.6683153000049,13205
204.62825199999497,13206
205.5882486000046,13206
206.29226590000326,21524
208.3560829999915,13206
209.3320470000035,13203
210.29201530000137,13203
211.26798289999715,13204
212.22803420000128,13198
214.01995509999688,13205
214.99604569999792,13204
216.78771069999493,13199
221.8754920999927,13204
222.83560109999962,13204
223.8121850000025,13204
224.78751419999753,19342
225.76331939999363,13231
226.723210199998,13199
227.6991377999948,19355
228.6591233999934,13224
229.6351347000018,13206
230.5952210999967,19350
231.5710653999995,13194
233.34733669999696,13203
233.77901420000126,23583
234.48301589999755,19336
235.4589597000013,13204
236.41900579999492,13204
237.39497579999443,19342
239.18677719999687,13205
240.1466677999997,13196
241.1227910000016,19343
242.93053879999206,13202
246.3704141999915,13192
247.34636270000192,19342
248.32233939999423,13229
249.28231769999547,13204
249.7142879000021,13198
250.4022130999947,13192
251.3621640999918,13231
255.63384579999547,13203
256.6098888999986,13191
258.3856827999989,13204
259.3616961999942,13198
261.1536686000036,13205
262.94561900000554,13189
263.9056574999995,13205
264.8815323000017,13205
265.84142850000353,13190
266.8174733000051,13202
267.7774017000047,13208
268.7534866999922,13209
269.71349320000445,13203
270.6894348999922,13230
271.6493355999992,13216
274.2747655999992,13207
276.89766139999847,13220
281.9849242000055,13203
283.77688180000405,13212
284.7526787999959,19343
285.712692400004,19363
286.68875089999347,13207
290.1285324999917,13197
291.10444379999535,19347
292.8965445999929,13203
293.85629280000285,13204
294.43240639999567,52107
295.1363046000042,19349
297.76003330000094,13213
299.55205410000053,13309
301.3440311000013,13197
303.951842399998,13221
304.927775499993,13191
305.8877438999916,13204
306.8637280999974,13204
